word,occurences
for,23
the,82
last,1
8,2
years,1
of,55
his,7
life,1
galileo,1
was,12
under,4
house,2
arrest,1
espousing,1
this,54
mans,2
theory,1
no,5
2,5
1912,1
olympian,1
football,2
star,1
at,8
carlisle,1
indian,3
school,2
6,2
mlb,1
seasons,2
with,11
reds,1
giants,1
,27
braves,1
city,2
yuma,1
in,53
state,3
has,4
a,58
record,3
average,1
4055,1
hours,1
sunshine,1
each,1
year,1
1963,1
live,1
on,13
art,2
linkletter,1
show,1
company,3
served,1
its,13
billionth,1
burger,1
signer,1
dec,1
indep,1
framer,1
constitution,1
mass,2
second,2
president,1
united,3
states,1
title,1
an,6
aesop,1
fable,1
insect,1
shared,1
billing,1
grasshopper,1
built,1
312,1
bc,1
to,27
link,1
rome,1
south,3
italy,1
still,1
use,1
today,1
30,3
steals,2
birmingham,1
barons,1
2306,1
bulls,1
winter,1
197172,1
1122,1
inches,1
snow,1
fell,1
rainier,1
paradise,1
ranger,1
station,1
housewares,1
store,1
named,6
packaging,1
merchandise,1
came,1
first,5
displayed,1
and,4
away,1
we,1
go,2
cows,1
regurgitate,1
from,4
stomach,1
mouth,1
chew,1
it,7
again,1
1000,1
rajaraja,1
i,3
cholas,1
battled,1
take,2
ocean,1
island,3
now,2
known,1
tea,1
1,2
lettered,1
hoops,1
lacrosse,1
syracuse,1
if,3
you,12
think,1
he,7
couldnt,1
act,1
ask,1
11,3
unclean,1
buddies,1
june,1
28,1
1994,1
natl,1
weather,1
service,2
began,4
issuing,1
index,1
that,7
rates,1
intensity,1
suns,1
radiation,1
companys,1
accutron,1
watch,1
introduced,1
1960,1
had,2
guarantee,1
accuracy,1
within,1
one,4
minute,1
month,1
outlaw,1
murdered,1
by,7
traitor,1
coward,1
whose,2
name,7
is,16
not,1
worthy,1
appear,1
here,2
small,3
demon,2
or,7
mischievous,1
child,1
who,3
might,2
be,4
little,1
karl,1
led,1
these,6
marxist,1
organizational,1
efforts,1
1889,1
10,4
fblb,1
columbia,1
u,2
1920s,1
mvp,1
yankees,1
27,1
36,1
gibraltar,1
cleats,1
africas,1
lowest,1
temperature,1
degrees,2
below,1
zero,2
1935,1
ifrane,1
just,2
fez,1
country,3
edward,1
teller,1
man,1
partnered,1
1898,1
sell,1
high,1
fashions,1
women,1
1939,1
oscar,1
winner,1
are,4
credit,1
your,5
craft,2
race,1
family,2
geologic,1
time,1
shorter,2
than,4
eon,1
divided,1
into,2
periods,1
subdivided,1
epochs,1
asian,1
political,1
party,2
founded,2
1885,1
national,1
as,5
part,4
5,3
only,1
center,1
lead,2
nba,1
assists,1
track,2
scholarship,1
kansas,1
marathoner,1
volleyballer,1
kirschner,1
brothers,1
don,1
bill,1
ski,1
themselves,1
secondhighest,1
mountain,1
revolutionary,1
war,1
hero,2
spirit,1
vermont,2
single,1
layer,1
paper,1
perform,1
ones,2
diligently,1
ovoid,2
abandonment,1
beyond,1
betrayal,1
wont,2
believe,3
ending,1
when,5
hatches,1
egga,1
california,2
can,3
place,1
leave,1
puppy,1
trip,1
carrier,1
him,2
fits,1
airplane,1
seat,3
hes,2
considered,2
author,1
pentateuch,1
which,3
hard,2
deuteronomy,1
continues,1
after,1
death,1
steven,1
tyler,1
band,3
lent,1
steamin,1
vocals,1
train,5
kept,1
arollin,1
popularized,1
yardbirds,1
around,2
100,1
ad,1
tacitus,1
wrote,2
book,1
how,1
persuasive,1
speaking,1
declined,1
since,1
cicero,1
born,1
pan,1
am,1
qantas,1
late,1
70s,1
basically,1
ropedoff,1
economy,1
cabin,1
free,1
drinks,1
ali,1
married,1
daughter,1
fatima,1
shia,1
muslims,1
true,1
successor,1
during,2
19541955,1
sun,2
sessions,1
elvis,1
climbed,1
aboard,3
sixteen,1
coaches,1
long,1
glass,1
seen,1
target_blankherea,1
quaint,1
cocktail,1
made,2
sugar,1
bitters,1
todays,1
headlines,1
turtle,2
king,2
gone,1
mad,1
mack,1
good,1
whod,1
bring,1
downa,1
2003,1
airline,2
agreed,1
buy,1
klm,1
creating,1
europes,1
largest,2
philadelphia,1
got,1
start,1
colony,1
religious,2
group,1
william,1
penn,1
member,1
modern,1
girl,1
hit,2
billboard,1
top,3
morning,1
nine,1
five,1
stiff,1
silken,1
fabric,1
favored,1
bridal,1
gowns,1
like,3
christina,1
applegates,1
2001,1
between,1
truth,1
fiction,1
lies,1
marcos,1
reality,1
halloween,1
saw,1
sta,1
2004,1
launched,1
new,3
features,1
low,1
fares,1
more,2
seats,1
per,1
plane,1
mary,1
accession,1
1553,1
ran,1
geneva,1
returned,1
1559,1
reformed,1
church,1
scotland,2
bands,1
vain,1
hidden,1
original,1
1979,1
london,1
calling,1
album,1
crosscountry,1
skiing,1
sometimes,1
referred,1
letters,1
same,1
used,1
denote,1
90,1
roman,1
numerals,1
hats,1
500,1
ways,1
die,1
july,1
4th,1
young,2
boy,1
will,1
defy,1
become,1
legenda,1
pocket,1
youll,1
find,1
catalog,1
called,4
sky,1
musthaves,1
solarpowered,1
patio,1
umbrella,1
1534,1
buddy,1
francis,1
xavier,1
society,1
jesus,1
1961,1
james,1
brown,1
announced,1
all,3
1797,1
imbroglio,1
3,2
french,1
agents,1
demanded,1
huge,1
bribe,1
us,3
diplomats,1
objects,2
pass,1
closer,1
mercury,1
have,1
been,3
mythological,1
figure,1
kingdom,2
usa,1
singer,3
also,1
plays,1
lady,1
hannah,1
peach,5
downy,1
fuzzy,1
fruits,1
smooth,1
nectarine,1
4,2
x,9
12,2
verb,2
bouncing,1
basketball,1
sounds,1
youre,1
slobbering,1
blood,1
pumper,1
im,1
tate,1
shaffer,1
inational,1
geographic,1
endeavouri,1
alex,1
anda,1
were,3
galapagos,1
islands,1
latitude,1
means,1
right,2
above,1
imaginary,1
line,2
goes,1
way,1
earth,1
everybody,1
else,1
knows,1
huggable,1
toys,1
precede,1
fire,1
radio,3
disney,1
do,1
peaches,1
80,1
compound,1
7,2
sound,1
navigation,1
ranging,1
full,1
device,2
bounces,1
waves,2
underwater,1
slender,1
missile,1
thrown,1
board,1
game,2
pacific,1
day,1
discovery,1
holiday,1
songs,1
my,1
skin,1
aredeeper,1
those,1
let,1
said,1
canadian,1
disneys,2
website,1
5letter,1
word,1
interior,1
kids,1
bounce,2
rubber,1
ball,1
while,1
picking,1
up,1
6pronged,1
metal,1
separating,1
hair,1
role,1
play,1
parts,3
arabian,1
libyan,1
deserts,1
found,1
african,1
never,1
told,1
alliteratively,1
fallin,1
wait,1
did,1
tree,2
glossy,1
green,1
pointed,1
lance,1
shaped,1
15,1
type,2
dance,1
famous,1
michael,1
jackson,1
graphic,1
representation,1
information,1
history,1
include,1
entering,1
york,1
bay,1
ryan,1
tedder,1
moves,1
grow,1
nodes,1
along,1
shoots,1
previous,1
growth,1
theyre,1
usually,1
pink,1
1035,1
italian,1
springboard,1
perfected,1
1930s,1
composer,1
wolfgang,1
9995,1
atom,1
park,1
view,1
chula,1
vista,1
beat,1
taipei,1
63,1
win,1
organizations,1
2009,1
world,4
series,1
several,1
books,1
discovers,1
wizard,1
say,2
target_blankthisa,2
mollusk,1
see,1
70,1
magnitude,1
earthquake,1
caribbean,1
jan,1
2010,2
brought,1
outpouring,1
aid,1
4letter,1
pleated,1
skirt,1
worn,1
men,1
plant,1
process,1
carbon,1
dioxide,1
water,1
combine,1
light,1
energy,1
create,1
oxygen,1
glucose,1
perfect,1
zealands,1
piha,1
beach,1
site,1
junior,1
championships,1
clark,1
county,1
nevada,1
entertainment,1
capital,1
admitted,1
union,1
1859,1
car,1
news,1
widespread,1
recalls,1
corollas,1
other,1
models,1
adjective,1
mean,1
proper,1
grade,1
papers,1
wedge,1
adaptation,1
simple,1
machine,1
inclined,1
mighty,1
leap,1
51,1
david,1
mosely,1
set,1
event,1
back,1
1977,1
